,Wk,Day,Date,Time,Home,xG,Score,xG.1,Away,Attendance,Venue,Referee,Match Report,Notes
0,1.0,Fri,2018-08-10,20:00,Manchester Utd,1.7,2–1,1.0,Leicester City,74439.0,Old Trafford,Andre Marriner,Match Report,
1,1.0,Sat,2018-08-11,12:30,Newcastle Utd,0.9,1–2,2.0,Tottenham,51749.0,St. James' Park,Martin Atkinson,Match Report,
2,1.0,Sat,2018-08-11,15:00,Watford,1.6,2–0,0.2,Brighton,20051.0,Vicarage Road Stadium,Jonathan Moss,Match Report,
3,1.0,Sat,2018-08-11,15:00,Huddersfield,0.3,0–3,2.0,Chelsea,24121.0,The John Smith's Stadium,Chris Kavanagh,Match Report,
4,1.0,Sat,2018-08-11,15:00,Bournemouth,2.1,2–0,1.2,Cardiff City,10353.0,Vitality Stadium,Kevin Friend,Match Report,
5,1.0,Sat,2018-08-11,15:00,Fulham,0.6,0–2,1.0,Crystal Palace,24821.0,Craven Cottage,Mike Dean,Match Report,
6,1.0,Sat,2018-08-11,17:30,Wolves,0.9,2–2,0.7,Everton,31231.0,Molineux Stadium,Craig Pawson,Match Report,
7,1.0,Sun,2018-08-12,13:30,Southampton,1.1,0–0,1.5,Burnley,30784.0,St. Mary's Stadium,Graham Scott,Match Report,
8,1.0,Sun,2018-08-12,13:30,Liverpool,5.1,4–0,0.9,West Ham,53235.0,Anfield,Anthony Taylor,Match Report,
9,1.0,Sun,2018-08-12,16:00,Arsenal,0.6,0–2,1.8,Manchester City,59934.0,Emirates Stadium,Michael Oliver,Match Report,
10,,,,,,,,,,,,,,
11,2.0,Sat,2018-08-18,12:30,Cardiff City,0.9,0–0,1.5,Newcastle Utd,30720.0,Cardiff City Stadium,Craig Pawson,Match Report,
12,2.0,Sat,2018-08-18,15:00,Everton,1.8,2–1,1.6,Southampton,38601.0,Goodison Park,Lee Mason,Match Report,
13,2.0,Sat,2018-08-18,15:00,West Ham,1.2,1–2,2.1,Bournemouth,56888.0,London Stadium,Stuart Attwell,Match Report,
14,2.0,Sat,2018-08-18,15:00,Leicester City,0.2,2–0,1.2,Wolves,32043.0,King Power Stadium,Mike Dean,Match Report,
15,2.0,Sat,2018-08-18,15:00,Tottenham,3.1,3–1,1.2,Fulham,58297.0,Wembley Stadium,Anthony Taylor,Match Report,
16,2.0,Sat,2018-08-18,17:30,Chelsea,2.6,3–2,2.1,Arsenal,40491.0,Stamford Bridge,Martin Atkinson,Match Report,
17,2.0,Sun,2018-08-19,13:30,Manchester City,3.4,6–1,0.6,Huddersfield,54021.0,Etihad Stadium,Andre Marriner,Match Report,
18,2.0,Sun,2018-08-19,13:30,Burnley,0.4,1–3,1.3,Watford,18822.0,Turf Moor,Paul Tierney,Match Report,
19,2.0,Sun,2018-08-19,16:00,Brighton,1.5,3–2,1.4,Manchester Utd,30592.0,The American Express Community Stadium,Kevin Friend,Match Report,
20,2.0,Mon,2018-08-20,20:00,Crystal Palace,0.3,0–2,2.8,Liverpool,25750.0,Selhurst Park,Michael Oliver,Match Report,
21,,,,,,,,,,,,,,
22,3.0,Sat,2018-08-25,12:30,Wolves,1.1,1–1,1.5,Manchester City,31322.0,Molineux Stadium,Martin Atkinson,Match Report,
23,3.0,Sat,2018-08-25,15:00,Southampton,0.7,1–2,0.5,Leicester City,29925.0,St. Mary's Stadium,Jonathan Moss,Match Report,
24,3.0,Sat,2018-08-25,15:00,Arsenal,1.8,3–1,1.6,West Ham,59830.0,Emirates Stadium,Graham Scott,Match Report,
25,3.0,Sat,2018-08-25,15:00,Bournemouth,3.2,2–2,0.8,Everton,10654.0,Vitality Stadium,Lee Probert,Match Report,
26,3.0,Sat,2018-08-25,15:00,Huddersfield,0.3,0–0,1.0,Cardiff City,21193.0,The John Smith's Stadium,Michael Oliver,Match Report,
27,3.0,Sat,2018-08-25,17:30,Liverpool,1.4,1–0,0.4,Brighton,53294.0,Anfield,Chris Kavanagh,Match Report,
28,3.0,Sun,2018-08-26,13:30,Watford,0.9,2–1,1.2,Crystal Palace,20014.0,Vicarage Road Stadium,Anthony Taylor,Match Report,
29,3.0,Sun,2018-08-26,16:00,Newcastle Utd,0.2,1–2,1.5,Chelsea,51791.0,St. James' Park,Paul Tierney,Match Report,
30,3.0,Sun,2018-08-26,16:00,Fulham,2.1,4–2,1.4,Burnley,23438.0,Craven Cottage,David Coote,Match Report,
31,3.0,Mon,2018-08-27,20:00,Manchester Utd,1.8,0–3,1.4,Tottenham,74400.0,Old Trafford,Craig Pawson,Match Report,
32,,,,,,,,,,,,,,
33,4.0,Sat,2018-09-01,12:30,Leicester City,1.1,1–2,1.2,Liverpool,32149.0,King Power Stadium,Paul Tierney,Match Report,
34,4.0,Sat,2018-09-01,15:00,Crystal Palace,1.9,0–2,2.5,Southampton,25495.0,Selhurst Park,Martin Atkinson,Match Report,
35,4.0,Sat,2018-09-01,15:00,Chelsea,1.2,2–0,0.8,Bournemouth,40178.0,Stamford Bridge,Lee Mason,Match Report,
36,4.0,Sat,2018-09-01,15:00,Brighton,2.9,2–2,1.1,Fulham,30526.0,The American Express Community Stadium,Lee Probert,Match Report,
37,4.0,Sat,2018-09-01,15:00,West Ham,0.9,0–1,1.2,Wolves,56947.0,London Stadium,Chris Kavanagh,Match Report,
38,4.0,Sat,2018-09-01,15:00,Everton,0.8,1–1,0.6,Huddersfield,38767.0,Goodison Park,Stuart Attwell,Match Report,
39,4.0,Sat,2018-09-01,17:30,Manchester City,2.6,2–1,0.7,Newcastle Utd,53946.0,Etihad Stadium,Kevin Friend,Match Report,
40,4.0,Sun,2018-09-02,13:30,Cardiff City,1.4,2–3,1.5,Arsenal,32316.0,Cardiff City Stadium,Anthony Taylor,Match Report,
41,4.0,Sun,2018-09-02,16:00,Watford,0.4,2–1,0.6,Tottenham,20141.0,Vicarage Road Stadium,Andre Marriner,Match Report,
42,4.0,Sun,2018-09-02,16:00,Burnley,0.7,0–2,2.9,Manchester Utd,21525.0,Turf Moor,Jonathan Moss,Match Report,
43,,,,,,,,,,,,,,
44,5.0,Sat,2018-09-15,12:30,Tottenham,1.4,1–2,2.5,Liverpool,80188.0,Wembley Stadium,Michael Oliver,Match Report,
45,5.0,Sat,2018-09-15,15:00,Manchester City,4.1,3–0,0.3,Fulham,53307.0,Etihad Stadium,Stuart Attwell,Match Report,
46,5.0,Sat,2018-09-15,15:00,Bournemouth,1.9,4–2,2.2,Leicester City,10543.0,Vitality Stadium,Craig Pawson,Match Report,
47,5.0,Sat,2018-09-15,15:00,Chelsea,2.5,4–1,0.6,Cardiff City,40499.0,Stamford Bridge,Jonathan Moss,Match Report,
48,5.0,Sat,2018-09-15,15:00,Newcastle Utd,0.4,1–2,1.1,Arsenal,52165.0,St. James' Park,Lee Probert,Match Report,
49,5.0,Sat,2018-09-15,15:00,Huddersfield,0.8,0–1,1.0,Crystal Palace,23696.0,The John Smith's Stadium,Lee Mason,Match Report,
50,5.0,Sat,2018-09-15,17:30,Watford,0.9,1–2,1.2,Manchester Utd,20537.0,Vicarage Road Stadium,Mike Dean,Match Report,
51,5.0,Sun,2018-09-16,13:30,Wolves,2.8,1–0,0.3,Burnley,30406.0,Molineux Stadium,Andre Marriner,Match Report,
52,5.0,Sun,2018-09-16,16:00,Everton,1.4,1–3,1.5,West Ham,39161.0,Goodison Park,Martin Atkinson,Match Report,
53,5.0,Mon,2018-09-17,20:00,Southampton,1.7,2–2,1.7,Brighton,28811.0,St. Mary's Stadium,Anthony Taylor,Match Report,
54,,,,,,,,,,,,,,
55,6.0,Sat,2018-09-22,12:30,Fulham,1.5,1–1,1.5,Watford,23418.0,Craven Cottage,Martin Atkinson,Match Report,
56,6.0,Sat,2018-09-22,15:00,Burnley,1.8,4–0,1.4,Bournemouth,18636.0,Turf Moor,Anthony Taylor,Match Report,
57,6.0,Sat,2018-09-22,15:00,Cardiff City,0.1,0–5,2.5,Manchester City,32321.0,Cardiff City Stadium,Michael Oliver,Match Report,
58,6.0,Sat,2018-09-22,15:00,Leicester City,1.8,3–1,1.3,Huddersfield,31676.0,King Power Stadium,David Coote,Match Report,
59,6.0,Sat,2018-09-22,15:00,Liverpool,2.2,3–0,0.8,Southampton,50965.0,Anfield,Paul Tierney,Match Report,
60,6.0,Sat,2018-09-22,15:00,Manchester Utd,0.5,1–1,0.6,Wolves,74489.0,Old Trafford,Kevin Friend,Match Report,
61,6.0,Sat,2018-09-22,15:00,Crystal Palace,1.4,0–0,0.5,Newcastle Utd,25679.0,Selhurst Park,Andre Marriner,Match Report,
62,6.0,Sat,2018-09-22,17:30,Brighton,0.8,1–2,2.1,Tottenham,30531.0,The American Express Community Stadium,Chris Kavanagh,Match Report,
63,6.0,Sun,2018-09-23,13:30,West Ham,0.7,0–0,1.4,Chelsea,56875.0,London Stadium,Mike Dean,Match Report,
64,6.0,Sun,2018-09-23,16:00,Arsenal,0.9,2–0,0.7,Everton,59964.0,Emirates Stadium,Jonathan Moss,Match Report,
65,,,,,,,,,,,,,,
66,7.0,Sat,2018-09-29,12:30,West Ham,1.3,3–1,0.3,Manchester Utd,56938.0,London Stadium,Michael Oliver,Match Report,
67,7.0,Sat,2018-09-29,15:00,Huddersfield,0.4,0–2,1.9,Tottenham,23885.0,The John Smith's Stadium,Craig Pawson,Match Report,
68,7.0,Sat,2018-09-29,15:00,Arsenal,1.6,2–0,1.5,Watford,60019.0,Emirates Stadium,Anthony Taylor,Match Report,
69,7.0,Sat,2018-09-29,15:00,Everton,2.4,3–0,0.7,Fulham,38788.0,Goodison Park,Roger East,Match Report,
70,7.0,Sat,2018-09-29,15:00,Newcastle Utd,0.3,0–2,1.5,Leicester City,51523.0,St. James' Park,Simon Hooper,Match Report,
71,7.0,Sat,2018-09-29,15:00,Wolves,1.4,2–0,1.1,Southampton,31147.0,Molineux Stadium,Stuart Attwell,Match Report,
72,7.0,Sat,2018-09-29,15:00,Manchester City,3.0,2–0,0.5,Brighton,54152.0,Etihad Stadium,Lee Mason,Match Report,
73,7.0,Sat,2018-09-29,17:30,Chelsea,1.8,1–1,1.5,Liverpool,40625.0,Stamford Bridge,Andre Marriner,Match Report,
74,7.0,Sun,2018-09-30,16:00,Cardiff City,1.6,1–2,0.5,Burnley,30411.0,Cardiff City Stadium,Martin Atkinson,Match Report,
75,7.0,Mon,2018-10-01,20:00,Bournemouth,2.0,2–1,0.5,Crystal Palace,10199.0,Vitality Stadium,Mike Dean,Match Report,
76,,,,,,,,,,,,,,
77,8.0,Fri,2018-10-05,20:00,Brighton,0.8,1–0,1.0,West Ham,30544.0,The American Express Community Stadium,Kevin Friend,Match Report,
78,8.0,Sat,2018-10-06,15:00,Crystal Palace,1.1,0–1,1.1,Wolves,25715.0,Selhurst Park,Michael Oliver,Match Report,
79,8.0,Sat,2018-10-06,15:00,Watford,0.9,0–4,2.8,Bournemouth,20139.0,Vicarage Road Stadium,Jonathan Moss,Match Report,
80,8.0,Sat,2018-10-06,15:00,Burnley,0.5,1–1,1.1,Huddersfield,20533.0,Turf Moor,Chris Kavanagh,Match Report,
81,8.0,Sat,2018-10-06,15:00,Leicester City,1.1,1–2,1.4,Everton,32007.0,King Power Stadium,Andre Marriner,Match Report,
82,8.0,Sat,2018-10-06,15:00,Tottenham,2.2,1–0,1.0,Cardiff City,43268.0,Wembley Stadium,Mike Dean,Match Report,
83,8.0,Sat,2018-10-06,17:30,Manchester Utd,1.9,3–2,1.3,Newcastle Utd,74519.0,Old Trafford,Anthony Taylor,Match Report,
84,8.0,Sun,2018-10-07,12:00,Fulham,0.9,1–5,1.5,Arsenal,25401.0,Craven Cottage,Paul Tierney,Match Report,
85,8.0,Sun,2018-10-07,14:15,Southampton,1.4,0–3,2.6,Chelsea,27077.0,St. Mary's Stadium,Craig Pawson,Match Report,
86,8.0,Sun,2018-10-07,16:30,Liverpool,0.4,0–0,1.2,Manchester City,52117.0,Anfield,Martin Atkinson,Match Report,
87,,,,,,,,,,,,,,
88,9.0,Sat,2018-10-20,12:30,Chelsea,1.9,2–2,0.6,Manchester Utd,40721.0,Stamford Bridge,Mike Dean,Match Report,
89,9.0,Sat,2018-10-20,15:00,West Ham,1.0,0–1,1.6,Tottenham,56921.0,London Stadium,Martin Atkinson,Match Report,
90,9.0,Sat,2018-10-20,15:00,Newcastle Utd,2.0,0–1,0.9,Brighton,50329.0,St. James' Park,Andre Marriner,Match Report,
91,9.0,Sat,2018-10-20,15:00,Wolves,0.5,0–2,0.9,Watford,31144.0,Molineux Stadium,Lee Mason,Match Report,
92,9.0,Sat,2018-10-20,15:00,Manchester City,4.1,5–0,0.4,Burnley,54094.0,Etihad Stadium,Jonathan Moss,Match Report,
93,9.0,Sat,2018-10-20,15:00,Bournemouth,1.0,0–0,0.6,Southampton,10986.0,Vitality Stadium,Lee Probert,Match Report,
94,9.0,Sat,2018-10-20,15:00,Cardiff City,2.0,4–2,0.8,Fulham,29681.0,Cardiff City Stadium,Kevin Friend,Match Report,
95,9.0,Sat,2018-10-20,17:30,Huddersfield,0.9,0–1,0.7,Liverpool,24263.0,The John Smith's Stadium,Michael Oliver,Match Report,
96,9.0,Sun,2018-10-21,16:00,Everton,1.9,2–0,1.4,Crystal Palace,38668.0,Goodison Park,Anthony Taylor,Match Report,
97,9.0,Mon,2018-10-22,20:00,Arsenal,3.2,3–1,0.7,Leicester City,59886.0,Emirates Stadium,Chris Kavanagh,Match Report,
98,,,,,,,,,,,,,,
99,10.0,Sat,2018-10-27,15:00,Fulham,0.5,0–3,2.0,Bournemouth,25071.0,Craven Cottage,Andre Marriner,Match Report,
100,10.0,Sat,2018-10-27,15:00,Liverpool,2.1,4–1,0.6,Cardiff City,53373.0,Anfield,Stuart Attwell,Match Report,
101,10.0,Sat,2018-10-27,15:00,Watford,2.0,3–0,0.8,Huddersfield,20457.0,Vicarage Road Stadium,Mike Dean,Match Report,
102,10.0,Sat,2018-10-27,15:00,Southampton,1.6,0–0,0.3,Newcastle Utd,30736.0,St. Mary's Stadium,Chris Kavanagh,Match Report,
103,10.0,Sat,2018-10-27,15:00,Brighton,0.6,1–0,1.5,Wolves,30654.0,The American Express Community Stadium,Anthony Taylor,Match Report,
104,10.0,Sat,2018-10-27,17:30,Leicester City,1.7,1–1,1.7,West Ham,31848.0,King Power Stadium,Michael Oliver,Match Report,
105,10.0,Sun,2018-10-28,13:30,Burnley,0.5,0–4,2.7,Chelsea,21430.0,Turf Moor,Craig Pawson,Match Report,
106,10.0,Sun,2018-10-28,13:30,Crystal Palace,2.2,2–2,0.9,Arsenal,25718.0,Selhurst Park,Martin Atkinson,Match Report,
107,10.0,Sun,2018-10-28,16:00,Manchester Utd,2.1,2–1,1.9,Everton,74525.0,Old Trafford,Jonathan Moss,Match Report,
108,10.0,Mon,2018-10-29,20:00,Tottenham,0.7,0–1,1.5,Manchester City,56854.0,Wembley Stadium,Kevin Friend,Match Report,
109,,,,,,,,,,,,,,
110,11.0,Sat,2018-11-03,12:30,Bournemouth,1.8,1–2,2.9,Manchester Utd,10792.0,Vitality Stadium,Paul Tierney,Match Report,
111,11.0,Sat,2018-11-03,15:00,West Ham,2.7,4–2,0.8,Burnley,56862.0,London Stadium,Roger East,Match Report,
112,11.0,Sat,2018-11-03,15:00,Cardiff City,0.9,0–1,1.9,Leicester City,30877.0,Cardiff City Stadium,Lee Probert,Match Report,
113,11.0,Sat,2018-11-03,15:00,Newcastle Utd,0.7,1–0,1.8,Watford,49157.0,St. James' Park,Craig Pawson,Match Report,
114,11.0,Sat,2018-11-03,15:00,Everton,2.2,3–1,0.4,Brighton,38966.0,Goodison Park,David Coote,Match Report,
115,11.0,Sat,2018-11-03,17:30,Arsenal,1.4,1–1,1.5,Liverpool,59993.0,Emirates Stadium,Andre Marriner,Match Report,
116,11.0,Sat,2018-11-03,19:45,Wolves,2.5,2–3,1.2,Tottenham,31185.0,Molineux Stadium,Mike Dean,Match Report,
117,11.0,Sun,2018-11-04,15:00,Manchester City,2.4,6–1,1.8,Southampton,53916.0,Etihad Stadium,Lee Mason,Match Report,
118,11.0,Sun,2018-11-04,16:00,Chelsea,1.8,3–1,0.6,Crystal Palace,40407.0,Stamford Bridge,Michael Oliver,Match Report,
119,11.0,Mon,2018-11-05,20:00,Huddersfield,0.6,1–0,0.4,Fulham,17082.0,The John Smith's Stadium,Anthony Taylor,Match Report,
120,,,,,,,,,,,,,,
121,12.0,Sat,2018-11-10,12:30,Cardiff City,1.7,2–1,0.6,Brighton,29402.0,Cardiff City Stadium,Martin Atkinson,Match Report,
122,12.0,Sat,2018-11-10,15:00,Leicester City,1.6,0–0,0.6,Burnley,32184.0,King Power Stadium,Mike Dean,Match Report,
123,12.0,Sat,2018-11-10,15:00,Newcastle Utd,1.9,2–1,1.4,Bournemouth,49266.0,St. James' Park,Lee Probert,Match Report,
124,12.0,Sat,2018-11-10,15:00,Southampton,1.4,1–1,0.9,Watford,28153.0,St. Mary's Stadium,Simon Hooper,Match Report,
125,12.0,Sat,2018-11-10,15:00,Huddersfield,1.2,1–1,1.6,West Ham,24069.0,The John Smith's Stadium,Chris Kavanagh,Match Report,
126,12.0,Sat,2018-11-10,17:30,Crystal Palace,1.0,0–1,1.3,Tottenham,25685.0,Selhurst Park,Jonathan Moss,Match Report,
127,12.0,Sun,2018-11-11,12:00,Liverpool,2.1,2–0,0.5,Fulham,53128.0,Anfield,Paul Tierney,Match Report,
128,12.0,Sun,2018-11-11,14:15,Chelsea,1.0,0–0,0.5,Everton,40345.0,Stamford Bridge,Kevin Friend,Match Report,
129,12.0,Sun,2018-11-11,16:30,Manchester City,1.6,3–1,0.9,Manchester Utd,54316.0,Etihad Stadium,Anthony Taylor,Match Report,
130,12.0,Sun,2018-11-11,16:30,Arsenal,1.4,1–1,1.6,Wolves,60030.0,Emirates Stadium,Stuart Attwell,Match Report,
131,,,,,,,,,,,,,,
132,13.0,Sat,2018-11-24,15:00,Fulham,1.3,3–2,2.0,Southampton,24603.0,Craven Cottage,Michael Oliver,Match Report,
133,13.0,Sat,2018-11-24,15:00,Everton,2.4,1–0,0.5,Cardiff City,39139.0,Goodison Park,Paul Tierney,Match Report,
134,13.0,Sat,2018-11-24,15:00,Manchester Utd,0.8,0–0,1.1,Crystal Palace,74516.0,Old Trafford,Lee Mason,Match Report,
135,13.0,Sat,2018-11-24,15:00,Brighton,1.2,1–1,1.1,Leicester City,30553.0,The American Express Community Stadium,Chris Kavanagh,Match Report,
136,13.0,Sat,2018-11-24,15:00,Watford,0.4,0–3,0.9,Liverpool,20540.0,Vicarage Road Stadium,Jonathan Moss,Match Report,
137,13.0,Sat,2018-11-24,15:00,West Ham,0.8,0–4,2.3,Manchester City,56886.0,London Stadium,Andre Marriner,Match Report,
138,13.0,Sat,2018-11-24,17:30,Tottenham,2.5,3–1,0.8,Chelsea,55465.0,Wembley Stadium,Martin Atkinson,Match Report,
139,13.0,Sun,2018-11-25,13:30,Bournemouth,0.7,1–2,1.8,Arsenal,10792.0,Vitality Stadium,Craig Pawson,Match Report,
140,13.0,Sun,2018-11-25,16:00,Wolves,1.0,0–2,0.7,Huddersfield,30130.0,Molineux Stadium,Kevin Friend,Match Report,
141,13.0,Mon,2018-11-26,20:30,Burnley,1.5,1–2,1.8,Newcastle Utd,20628.0,Turf Moor,Anthony Taylor,Match Report,
142,,,,,,,,,,,,,,
143,14.0,Fri,2018-11-30,20:00,Cardiff City,1.0,2–1,1.0,Wolves,30213.0,Cardiff City Stadium,Andre Marriner,Match Report,
144,14.0,Sat,2018-12-01,15:00,Manchester City,2.5,3–1,0.4,Bournemouth,54409.0,Etihad Stadium,Stuart Attwell,Match Report,
145,14.0,Sat,2018-12-01,15:00,Leicester City,1.2,2–0,1.4,Watford,31353.0,King Power Stadium,Graham Scott,Match Report,
146,14.0,Sat,2018-12-01,15:00,Huddersfield,0.5,1–2,1.3,Brighton,22973.0,The John Smith's Stadium,Michael Oliver,Match Report,
147,14.0,Sat,2018-12-01,15:00,Newcastle Utd,1.2,0–3,1.5,West Ham,51853.0,St. James' Park,Paul Tierney,Match Report,
148,14.0,Sat,2018-12-01,15:00,Crystal Palace,2.5,2–0,0.6,Burnley,25098.0,Selhurst Park,Lee Probert,Match Report,
149,14.0,Sat,2018-12-01,17:30,Southampton,0.6,2–2,1.2,Manchester Utd,30187.0,St. Mary's Stadium,Kevin Friend,Match Report,
150,14.0,Sun,2018-12-02,12:00,Chelsea,1.8,2–0,0.3,Fulham,40551.0,Stamford Bridge,Craig Pawson,Match Report,
151,14.0,Sun,2018-12-02,14:05,Arsenal,2.6,4–2,1.2,Tottenham,59973.0,Emirates Stadium,Mike Dean,Match Report,
152,14.0,Sun,2018-12-02,16:15,Liverpool,2.9,1–0,1.3,Everton,51756.0,Anfield,Chris Kavanagh,Match Report,
153,,,,,,,,,,,,,,
154,15.0,Tue,2018-12-04,19:45,West Ham,1.8,3–1,1.9,Cardiff City,56811.0,London Stadium,Graham Scott,Match Report,
155,15.0,Tue,2018-12-04,19:45,Bournemouth,0.9,2–1,1.7,Huddersfield,9980.0,Vitality Stadium,Roger East,Match Report,
156,15.0,Tue,2018-12-04,19:45,Brighton,1.1,3–1,1.7,Crystal Palace,29663.0,The American Express Community Stadium,Kevin Friend,Match Report,
157,15.0,Tue,2018-12-04,20:00,Watford,1.4,1–2,2.2,Manchester City,20389.0,Vicarage Road Stadium,Paul Tierney,Match Report,
158,15.0,Wed,2018-12-05,19:45,Fulham,1.7,1–1,1.5,Leicester City,22881.0,Craven Cottage,David Coote,Match Report,
159,15.0,Wed,2018-12-05,19:45,Wolves,1.2,2–1,1.3,Chelsea,31300.0,Molineux Stadium,Jonathan Moss,Match Report,
160,15.0,Wed,2018-12-05,19:45,Burnley,1.2,1–3,2.4,Liverpool,21741.0,Turf Moor,Stuart Attwell,Match Report,
161,15.0,Wed,2018-12-05,19:45,Everton,1.6,1–1,1.1,Newcastle Utd,39350.0,Goodison Park,Lee Mason,Match Report,
162,15.0,Wed,2018-12-05,20:00,Tottenham,1.4,3–1,2.3,Southampton,33012.0,Wembley Stadium,Anthony Taylor,Match Report,
163,15.0,Wed,2018-12-05,20:00,Manchester Utd,1.2,2–2,1.1,Arsenal,74507.0,Old Trafford,Andre Marriner,Match Report,
164,,,,,,,,,,,,,,
165,16.0,Sat,2018-12-08,12:30,Bournemouth,0.3,0–4,1.6,Liverpool,10752.0,Vitality Stadium,Lee Mason,Match Report,
166,16.0,Sat,2018-12-08,15:00,Cardiff City,2.2,1–0,0.8,Southampton,30067.0,Cardiff City Stadium,Jonathan Moss,Match Report,
167,16.0,Sat,2018-12-08,15:00,Burnley,1.5,1–0,0.8,Brighton,18497.0,Turf Moor,Martin Atkinson,Match Report,
168,16.0,Sat,2018-12-08,15:00,Manchester Utd,2.5,4–1,1.1,Fulham,74523.0,Old Trafford,Lee Probert,Match Report,
169,16.0,Sat,2018-12-08,15:00,Arsenal,1.9,1–0,0.4,Huddersfield,59893.0,Emirates Stadium,Paul Tierney,Match Report,
170,16.0,Sat,2018-12-08,15:00,West Ham,1.2,3–2,1.1,Crystal Palace,56995.0,London Stadium,Anthony Taylor,Match Report,
171,16.0,Sat,2018-12-08,17:30,Chelsea,0.9,2–0,1.4,Manchester City,40571.0,Stamford Bridge,Michael Oliver,Match Report,
172,16.0,Sat,2018-12-08,19:45,Leicester City,0.4,0–2,0.7,Tottenham,31957.0,King Power Stadium,Craig Pawson,Match Report,
173,16.0,Sun,2018-12-09,16:00,Newcastle Utd,0.5,1–2,1.7,Wolves,50223.0,St. James' Park,Mike Dean,Match Report,
174,16.0,Mon,2018-12-10,20:00,Everton,1.5,2–2,1.5,Watford,38400.0,Goodison Park,Kevin Friend,Match Report,
175,,,,,,,,,,,,,,
176,17.0,Sat,2018-12-15,12:30,Manchester City,1.4,3–1,1.1,Everton,54173.0,Etihad Stadium,Craig Pawson,Match Report,
177,17.0,Sat,2018-12-15,15:00,Wolves,1.8,2–0,0.5,Bournemouth,30997.0,Molineux Stadium,Simon Hooper,Match Report,
178,17.0,Sat,2018-12-15,15:00,Huddersfield,0.7,0–1,1.1,Newcastle Utd,24036.0,The John Smith's Stadium,Anthony Taylor,Match Report,
179,17.0,Sat,2018-12-15,15:00,Watford,1.7,3–2,0.9,Cardiff City,20032.0,Vicarage Road Stadium,Andy Madley,Match Report,
180,17.0,Sat,2018-12-15,15:00,Crystal Palace,0.6,1–0,1.0,Leicester City,24738.0,Selhurst Park,Michael Oliver,Match Report,
181,17.0,Sat,2018-12-15,15:00,Tottenham,2.0,1–0,0.3,Burnley,41645.0,Wembley Stadium,Graham Scott,Match Report,
182,17.0,Sat,2018-12-15,17:30,Fulham,1.1,0–2,0.5,West Ham,24081.0,Craven Cottage,Mike Dean,Match Report,
183,17.0,Sun,2018-12-16,13:30,Brighton,0.7,1–2,1.7,Chelsea,30645.0,The American Express Community Stadium,Stuart Attwell,Match Report,
184,17.0,Sun,2018-12-16,13:30,Southampton,1.0,3–2,1.5,Arsenal,29497.0,St. Mary's Stadium,Chris Kavanagh,Match Report,
185,17.0,Sun,2018-12-16,16:00,Liverpool,2.5,3–1,0.4,Manchester Utd,52908.0,Anfield,Martin Atkinson,Match Report,
186,,,,,,,,,,,,,,
187,18.0,Fri,2018-12-21,20:00,Wolves,1.1,0–2,1.6,Liverpool,31358.0,Molineux Stadium,Craig Pawson,Match Report,
188,18.0,Sat,2018-12-22,12:30,Arsenal,1.6,3–1,1.0,Burnley,59493.0,Emirates Stadium,Kevin Friend,Match Report,
189,18.0,Sat,2018-12-22,15:00,Chelsea,1.5,0–1,0.7,Leicester City,40558.0,Stamford Bridge,Lee Probert,Match Report,
190,18.0,Sat,2018-12-22,15:00,Manchester City,1.4,2–3,0.9,Crystal Palace,54340.0,Etihad Stadium,Andre Marriner,Match Report,
191,18.0,Sat,2018-12-22,15:00,West Ham,1.8,0–2,2.1,Watford,56833.0,London Stadium,Lee Mason,Match Report,
192,18.0,Sat,2018-12-22,15:00,Newcastle Utd,0.4,0–0,0.3,Fulham,51237.0,St. James' Park,Martin Atkinson,Match Report,
193,18.0,Sat,2018-12-22,15:00,Huddersfield,0.6,1–3,2.6,Southampton,22384.0,The John Smith's Stadium,Stuart Attwell,Match Report,
194,18.0,Sat,2018-12-22,15:00,Bournemouth,1.0,2–0,0.7,Brighton,10491.0,Vitality Stadium,Mike Dean,Match Report,
195,18.0,Sat,2018-12-22,17:30,Cardiff City,1.3,1–5,2.6,Manchester Utd,33028.0,Cardiff City Stadium,Michael Oliver,Match Report,
196,18.0,Sun,2018-12-23,16:00,Everton,0.7,2–6,2.7,Tottenham,39319.0,Goodison Park,Paul Tierney,Match Report,
197,,,,,,,,,,,,,,
198,19.0,Wed,2018-12-26,12:30,Fulham,1.0,1–1,1.4,Wolves,24382.0,Craven Cottage,Andre Marriner,Match Report,
199,19.0,Wed,2018-12-26,15:00,Crystal Palace,2.6,0–0,0.8,Cardiff City,25206.0,Selhurst Park,Lee Probert,Match Report,
200,19.0,Wed,2018-12-26,15:00,Leicester City,1.3,2–1,1.3,Manchester City,32090.0,King Power Stadium,Mike Dean,Match Report,
201,19.0,Wed,2018-12-26,15:00,Tottenham,1.9,5–0,1.4,Bournemouth,45154.0,Wembley Stadium,Chris Kavanagh,Match Report,
202,19.0,Wed,2018-12-26,15:00,Manchester Utd,1.8,3–1,1.5,Huddersfield,74523.0,Old Trafford,Jonathan Moss,Match Report,
203,19.0,Wed,2018-12-26,15:00,Burnley,1.5,1–5,2.1,Everton,21484.0,Turf Moor,Michael Oliver,Match Report,
204,19.0,Wed,2018-12-26,15:00,Liverpool,2.9,4–0,0.7,Newcastle Utd,53318.0,Anfield,Graham Scott,Match Report,
205,19.0,Wed,2018-12-26,17:15,Brighton,1.7,1–1,0.6,Arsenal,30608.0,The American Express Community Stadium,Anthony Taylor,Match Report,
206,19.0,Wed,2018-12-26,19:30,Watford,1.0,1–2,2.4,Chelsea,20415.0,Vicarage Road Stadium,Martin Atkinson,Match Report,
207,19.0,Thu,2018-12-27,19:45,Southampton,1.4,1–2,1.6,West Ham,31654.0,St. Mary's Stadium,Craig Pawson,Match Report,
208,,,,,,,,,,,,,,
209,20.0,Sat,2018-12-29,15:00,Leicester City,1.6,0–1,0.6,Cardiff City,32047.0,King Power Stadium,Simon Hooper,Match Report,
210,20.0,Sat,2018-12-29,15:00,Brighton,1.3,1–0,0.7,Everton,30597.0,The American Express Community Stadium,Andy Madley,Match Report,
211,20.0,Sat,2018-12-29,15:00,Tottenham,0.3,1–3,1.1,Wolves,46356.0,Wembley Stadium,Stuart Attwell,Match Report,
212,20.0,Sat,2018-12-29,15:00,Watford,1.1,1–1,0.6,Newcastle Utd,20336.0,Vicarage Road Stadium,Roger East,Match Report,
213,20.0,Sat,2018-12-29,15:00,Fulham,2.3,1–0,0.4,Huddersfield,24423.0,Craven Cottage,Kevin Friend,Match Report,
214,20.0,Sat,2018-12-29,17:30,Liverpool,4.1,5–1,1.2,Arsenal,53326.0,Anfield,Michael Oliver,Match Report,
215,20.0,Sun,2018-12-30,12:00,Crystal Palace,0.4,0–1,0.7,Chelsea,25781.0,Selhurst Park,Craig Pawson,Match Report,
216,20.0,Sun,2018-12-30,14:15,Burnley,2.0,2–0,0.5,West Ham,20933.0,Turf Moor,David Coote,Match Report,
217,20.0,Sun,2018-12-30,14:15,Southampton,0.4,1–3,3.1,Manchester City,31381.0,St. Mary's Stadium,Paul Tierney,Match Report,
218,20.0,Sun,2018-12-30,16:30,Manchester Utd,2.0,4–1,0.5,Bournemouth,74556.0,Old Trafford,Lee Mason,Match Report,
219,,,,,,,,,,,,,,
220,21.0,Tue,2019-01-01,12:30,Everton,1.1,0–1,0.5,Leicester City,39052.0,Goodison Park,Martin Atkinson,Match Report,
221,21.0,Tue,2019-01-01,15:00,Arsenal,2.8,4–1,1.5,Fulham,59887.0,Emirates Stadium,Graham Scott,Match Report,
222,21.0,Tue,2019-01-01,17:30,Cardiff City,0.5,0–3,1.3,Tottenham,32485.0,Cardiff City Stadium,Kevin Friend,Match Report,
223,21.0,Wed,2019-01-02,19:45,West Ham,0.8,2–2,0.5,Brighton,59870.0,London Stadium,Chris Kavanagh,Match Report,
224,21.0,Wed,2019-01-02,19:45,Chelsea,1.1,0–0,0.2,Southampton,40668.0,Stamford Bridge,Jonathan Moss,Match Report,
225,21.0,Wed,2019-01-02,19:45,Wolves,0.4,0–2,1.9,Crystal Palace,30666.0,Molineux Stadium,Roger East,Match Report,
226,21.0,Wed,2019-01-02,19:45,Huddersfield,0.4,1–2,2.0,Burnley,23715.0,The John Smith's Stadium,Mike Dean,Match Report,
227,21.0,Wed,2019-01-02,19:45,Bournemouth,2.1,3–3,0.8,Watford,10261.0,Vitality Stadium,David Coote,Match Report,
228,21.0,Wed,2019-01-02,20:00,Newcastle Utd,1.0,0–2,2.4,Manchester Utd,52217.0,St. James' Park,Andre Marriner,Match Report,
229,21.0,Thu,2019-01-03,20:00,Manchester City,0.8,2–1,1.7,Liverpool,54511.0,Etihad Stadium,Anthony Taylor,Match Report,
230,,,,,,,,,,,,,,
231,22.0,Sat,2019-01-12,12:30,West Ham,1.0,1–0,0.8,Arsenal,59946.0,London Stadium,Jonathan Moss,Match Report,
232,22.0,Sat,2019-01-12,15:00,Brighton,0.3,0–1,2.0,Liverpool,30682.0,The American Express Community Stadium,Kevin Friend,Match Report,
233,22.0,Sat,2019-01-12,15:00,Burnley,0.6,2–1,0.6,Fulham,19316.0,Turf Moor,Martin Atkinson,Match Report,
234,22.0,Sat,2019-01-12,15:00,Leicester City,1.5,1–2,1.2,Southampton,31491.0,King Power Stadium,Michael Oliver,Match Report,
235,22.0,Sat,2019-01-12,15:00,Cardiff City,0.1,0–0,0.4,Huddersfield,30725.0,Cardiff City Stadium,Lee Mason,Match Report,
236,22.0,Sat,2019-01-12,15:00,Crystal Palace,1.3,1–2,1.5,Watford,25010.0,Selhurst Park,Paul Tierney,Match Report,
237,22.0,Sat,2019-01-12,17:30,Chelsea,1.7,2–1,0.6,Newcastle Utd,40491.0,Stamford Bridge,Chris Kavanagh,Match Report,
238,22.0,Sun,2019-01-13,14:15,Everton,1.0,2–0,2.2,Bournemouth,38113.0,Goodison Park,Anthony Taylor,Match Report,
239,22.0,Sun,2019-01-13,16:30,Tottenham,2.3,0–1,1.3,Manchester Utd,80062.0,Wembley Stadium,Mike Dean,Match Report,
240,22.0,Mon,2019-01-14,20:00,Manchester City,2.6,3–0,0.1,Wolves,54171.0,Etihad Stadium,Craig Pawson,Match Report,
241,,,,,,,,,,,,,,
242,23.0,Sat,2019-01-19,12:30,Wolves,1.8,4–3,1.4,Leicester City,31278.0,Molineux Stadium,Chris Kavanagh,Match Report,
243,23.0,Sat,2019-01-19,15:00,Watford,1.2,0–0,1.2,Burnley,19510.0,Vicarage Road Stadium,Michael Oliver,Match Report,
244,23.0,Sat,2019-01-19,15:00,Southampton,1.1,2–1,0.8,Everton,29989.0,St. Mary's Stadium,Graham Scott,Match Report,
245,23.0,Sat,2019-01-19,15:00,Manchester Utd,2.2,2–1,0.6,Brighton,74532.0,Old Trafford,Paul Tierney,Match Report,
246,23.0,Sat,2019-01-19,15:00,Liverpool,2.5,4–3,0.7,Crystal Palace,53171.0,Anfield,Jonathan Moss,Match Report,
247,23.0,Sat,2019-01-19,15:00,Bournemouth,1.3,2–0,1.0,West Ham,10495.0,Vitality Stadium,Simon Hooper,Match Report,
248,23.0,Sat,2019-01-19,15:00,Newcastle Utd,2.1,3–0,0.2,Cardiff City,49864.0,St. James' Park,Stuart Attwell,Match Report,
249,23.0,Sat,2019-01-19,17:30,Arsenal,1.6,2–0,0.7,Chelsea,59979.0,Emirates Stadium,Anthony Taylor,Match Report,
250,23.0,Sun,2019-01-20,13:30,Huddersfield,0.5,0–3,2.2,Manchester City,24190.0,The John Smith's Stadium,Andre Marriner,Match Report,
251,23.0,Sun,2019-01-20,16:00,Fulham,0.9,1–2,1.2,Tottenham,24807.0,Craven Cottage,Craig Pawson,Match Report,
252,,,,,,,,,,,,,,
253,24.0,Tue,2019-01-29,19:45,Wolves,2.2,3–0,0.1,West Ham,31122.0,Molineux Stadium,David Coote,Match Report,
254,24.0,Tue,2019-01-29,19:45,Fulham,2.0,4–2,1.4,Brighton,22008.0,Craven Cottage,Lee Probert,Match Report,
255,24.0,Tue,2019-01-29,19:45,Arsenal,1.9,2–1,0.9,Cardiff City,59933.0,Emirates Stadium,Mike Dean,Match Report,
256,24.0,Tue,2019-01-29,19:45,Huddersfield,0.5,0–1,1.0,Everton,23699.0,The John Smith's Stadium,Stuart Attwell,Match Report,
257,24.0,Tue,2019-01-29,20:00,Newcastle Utd,1.0,2–1,1.5,Manchester City,50861.0,St. James' Park,Paul Tierney,Match Report,
258,24.0,Tue,2019-01-29,20:00,Manchester Utd,3.1,2–2,0.7,Burnley,74529.0,Old Trafford,Jonathan Moss,Match Report,
259,24.0,Wed,2019-01-30,19:45,Bournemouth,1.7,4–0,0.7,Chelsea,10227.0,Vitality Stadium,Roger East,Match Report,
260,24.0,Wed,2019-01-30,19:45,Southampton,1.0,1–1,1.2,Crystal Palace,28339.0,St. Mary's Stadium,Andre Marriner,Match Report,
261,24.0,Wed,2019-01-30,20:00,Tottenham,1.5,2–1,0.6,Watford,29164.0,Wembley Stadium,Graham Scott,Match Report,
262,24.0,Wed,2019-01-30,20:00,Liverpool,0.5,1–1,0.8,Leicester City,53092.0,Anfield,Martin Atkinson,Match Report,
263,,,,,,,,,,,,,,
264,25.0,Sat,2019-02-02,12:30,Tottenham,2.4,1–0,0.5,Newcastle Utd,41219.0,Wembley Stadium,Andre Marriner,Match Report,
265,25.0,Sat,2019-02-02,15:00,Burnley,2.3,1–1,1.1,Southampton,19787.0,Turf Moor,Anthony Taylor,Match Report,
266,25.0,Sat,2019-02-02,15:00,Crystal Palace,2.1,2–0,0.6,Fulham,25355.0,Selhurst Park,Michael Oliver,Match Report,
267,25.0,Sat,2019-02-02,15:00,Brighton,1.7,0–0,0.3,Watford,30414.0,The American Express Community Stadium,Simon Hooper,Match Report,
268,25.0,Sat,2019-02-02,15:00,Everton,0.8,1–3,1.5,Wolves,39380.0,Goodison Park,Lee Mason,Match Report,
269,25.0,Sat,2019-02-02,15:00,Chelsea,2.9,5–0,0.3,Huddersfield,40626.0,Stamford Bridge,Paul Tierney,Match Report,
270,25.0,Sat,2019-02-02,17:30,Cardiff City,2.3,2–0,0.5,Bournemouth,31939.0,Cardiff City Stadium,Jonathan Moss,Match Report,
271,25.0,Sun,2019-02-03,14:05,Leicester City,1.5,0–1,1.3,Manchester Utd,32148.0,King Power Stadium,Mike Dean,Match Report,
272,25.0,Sun,2019-02-03,16:30,Manchester City,3.2,3–1,0.8,Arsenal,54483.0,Etihad Stadium,Martin Atkinson,Match Report,
273,25.0,Mon,2019-02-04,20:00,West Ham,0.8,1–1,1.3,Liverpool,59903.0,London Stadium,Kevin Friend,Match Report,
274,,,,,,,,,,,,,,
275,27.0,Wed,2019-02-06,19:45,Everton,0.1,0–2,2.4,Manchester City,39322.0,Goodison Park,Craig Pawson,Match Report,
276,,,,,,,,,,,,,,
277,26.0,Sat,2019-02-09,12:30,Fulham,1.4,0–3,1.7,Manchester Utd,25001.0,Craven Cottage,Paul Tierney,Match Report,
278,26.0,Sat,2019-02-09,15:00,Huddersfield,1.2,1–2,2.0,Arsenal,24182.0,The John Smith's Stadium,Jonathan Moss,Match Report,
279,26.0,Sat,2019-02-09,15:00,Southampton,1.5,1–2,0.6,Cardiff City,31438.0,St. Mary's Stadium,Martin Atkinson,Match Report,
280,26.0,Sat,2019-02-09,15:00,Watford,1.6,1–0,0.7,Everton,20333.0,Vicarage Road Stadium,Lee Probert,Match Report,
281,26.0,Sat,2019-02-09,15:00,Liverpool,2.0,3–0,0.4,Bournemouth,53178.0,Anfield,Anthony Taylor,Match Report,
282,26.0,Sat,2019-02-09,15:00,Crystal Palace,2.5,1–1,1.5,West Ham,25552.0,Selhurst Park,Craig Pawson,Match Report,
283,26.0,Sat,2019-02-09,17:30,Brighton,1.1,1–3,2.2,Burnley,29323.0,The American Express Community Stadium,Stuart Attwell,Match Report,
284,26.0,Sun,2019-02-10,13:30,Tottenham,1.1,3–1,2.5,Leicester City,44154.0,Wembley Stadium,Michael Oliver,Match Report,
285,26.0,Sun,2019-02-10,16:00,Manchester City,3.1,6–0,0.9,Chelsea,54452.0,Etihad Stadium,Mike Dean,Match Report,
286,26.0,Mon,2019-02-11,20:00,Wolves,1.9,1–1,0.7,Newcastle Utd,30687.0,Molineux Stadium,Graham Scott,Match Report,
287,,,,,,,,,,,,,,
288,27.0,Fri,2019-02-22,19:45,Cardiff City,1.2,1–5,2.8,Watford,30387.0,Cardiff City Stadium,Simon Hooper,Match Report,
289,27.0,Fri,2019-02-22,19:45,West Ham,1.4,3–1,1.3,Fulham,59950.0,London Stadium,Lee Mason,Match Report,
290,27.0,Sat,2019-02-23,12:30,Burnley,1.3,2–1,0.9,Tottenham,21338.0,Turf Moor,Mike Dean,Match Report,
291,27.0,Sat,2019-02-23,15:00,Newcastle Utd,3.3,2–0,0.2,Huddersfield,52174.0,St. James' Park,Kevin Friend,Match Report,
292,27.0,Sat,2019-02-23,15:00,Bournemouth,2.0,1–1,1.6,Wolves,10671.0,Vitality Stadium,Roger East,Match Report,
293,27.0,Sat,2019-02-23,17:30,Leicester City,1.1,1–4,1.4,Crystal Palace,31778.0,King Power Stadium,Anthony Taylor,Match Report,
294,27.0,Sun,2019-02-24,14:05,Manchester Utd,0.2,0–0,0.4,Liverpool,74519.0,Old Trafford,Michael Oliver,Match Report,
295,27.0,Sun,2019-02-24,14:05,Arsenal,2.1,2–0,0.9,Southampton,59877.0,Emirates Stadium,Graham Scott,Match Report,
296,,,,,,,,,,,,,,
297,28.0,Tue,2019-02-26,19:45,Leicester City,1.9,2–1,1.3,Brighton,30558.0,King Power Stadium,Lee Probert,Match Report,
298,28.0,Tue,2019-02-26,19:45,Huddersfield,1.6,1–0,0.6,Wolves,22714.0,The John Smith's Stadium,David Coote,Match Report,
299,28.0,Tue,2019-02-26,19:45,Cardiff City,0.3,0–3,0.8,Everton,31849.0,Cardiff City Stadium,Kevin Friend,Match Report,
300,28.0,Tue,2019-02-26,20:00,Newcastle Utd,0.8,2–0,1.1,Burnley,48323.0,St. James' Park,Craig Pawson,Match Report,
301,28.0,Wed,2019-02-27,19:45,Southampton,1.4,2–0,0.7,Fulham,27597.0,St. Mary's Stadium,Anthony Taylor,Match Report,
302,28.0,Wed,2019-02-27,19:45,Arsenal,3.2,5–1,1.3,Bournemouth,59618.0,Emirates Stadium,Chris Kavanagh,Match Report,
303,28.0,Wed,2019-02-27,20:00,Crystal Palace,1.5,1–3,1.3,Manchester Utd,25754.0,Selhurst Park,Martin Atkinson,Match Report,
304,28.0,Wed,2019-02-27,20:00,Chelsea,0.6,2–0,0.5,Tottenham,40542.0,Stamford Bridge,Andre Marriner,Match Report,
305,28.0,Wed,2019-02-27,20:00,Manchester City,3.0,1–0,0.5,West Ham,53528.0,Etihad Stadium,Stuart Attwell,Match Report,
306,28.0,Wed,2019-02-27,20:00,Liverpool,1.9,5–0,1.0,Watford,53316.0,Anfield,Graham Scott,Match Report,
307,,,,,,,,,,,,,,
308,29.0,Sat,2019-03-02,12:30,Tottenham,1.3,1–1,2.4,Arsenal,81332.0,Wembley Stadium,Anthony Taylor,Match Report,
309,29.0,Sat,2019-03-02,15:00,Manchester Utd,2.2,3–2,0.5,Southampton,74459.0,Old Trafford,Stuart Attwell,Match Report,
310,29.0,Sat,2019-03-02,15:00,Bournemouth,0.0,0–1,1.6,Manchester City,10699.0,Vitality Stadium,Kevin Friend,Match Report,
311,29.0,Sat,2019-03-02,15:00,Burnley,1.7,1–3,0.8,Crystal Palace,19223.0,Turf Moor,Lee Probert,Match Report,
312,29.0,Sat,2019-03-02,15:00,Wolves,2.6,2–0,0.6,Cardiff City,31309.0,Molineux Stadium,Andre Marriner,Match Report,
313,29.0,Sat,2019-03-02,15:00,Brighton,1.1,1–0,0.3,Huddersfield,30182.0,The American Express Community Stadium,Mike Dean,Match Report,
314,29.0,Sat,2019-03-02,17:30,West Ham,1.9,2–0,1.1,Newcastle Utd,59910.0,London Stadium,Chris Kavanagh,Match Report,
315,29.0,Sun,2019-03-03,12:00,Watford,0.9,2–1,1.0,Leicester City,20062.0,Vicarage Road Stadium,Jonathan Moss,Match Report,
316,29.0,Sun,2019-03-03,14:05,Fulham,0.8,1–2,1.7,Chelsea,24900.0,Craven Cottage,Graham Scott,Match Report,
317,29.0,Sun,2019-03-03,16:15,Everton,0.5,0–0,1.1,Liverpool,39335.0,Goodison Park,Martin Atkinson,Match Report,
318,,,,,,,,,,,,,,
319,30.0,Sat,2019-03-09,12:30,Crystal Palace,1.8,1–2,0.1,Brighton,24972.0,Selhurst Park,Craig Pawson,Match Report,
320,30.0,Sat,2019-03-09,15:00,Newcastle Utd,2.3,3–2,1.0,Everton,52242.0,St. James' Park,Lee Mason,Match Report,
321,30.0,Sat,2019-03-09,15:00,Leicester City,2.0,3–1,0.2,Fulham,32017.0,King Power Stadium,David Coote,Match Report,
322,30.0,Sat,2019-03-09,15:00,Southampton,1.2,2–1,1.0,Tottenham,31890.0,St. Mary's Stadium,Kevin Friend,Match Report,
323,30.0,Sat,2019-03-09,15:00,Cardiff City,2.9,2–0,0.3,West Ham,32458.0,Cardiff City Stadium,Graham Scott,Match Report,
324,30.0,Sat,2019-03-09,15:00,Huddersfield,0.4,0–2,2.2,Bournemouth,22304.0,The John Smith's Stadium,Anthony Taylor,Match Report,
325,30.0,Sat,2019-03-09,17:30,Manchester City,3.2,3–1,0.5,Watford,54104.0,Etihad Stadium,Paul Tierney,Match Report,
326,30.0,Sun,2019-03-10,12:00,Liverpool,4.5,4–2,0.3,Burnley,53310.0,Anfield,Andre Marriner,Match Report,
327,30.0,Sun,2019-03-10,14:05,Chelsea,1.5,1–1,0.2,Wolves,40692.0,Stamford Bridge,Michael Oliver,Match Report,
328,30.0,Sun,2019-03-10,16:30,Arsenal,1.5,2–0,1.6,Manchester Utd,60000.0,Emirates Stadium,Jonathan Moss,Match Report,
329,,,,,,,,,,,,,,
330,31.0,Sat,2019-03-16,15:00,Burnley,1.6,1–2,0.7,Leicester City,20719.0,Turf Moor,Michael Oliver,Match Report,
331,31.0,Sat,2019-03-16,15:00,West Ham,2.3,4–3,1.4,Huddersfield,59931.0,London Stadium,Jonathan Moss,Match Report,
332,31.0,Sat,2019-03-16,15:00,Bournemouth,1.5,2–2,1.2,Newcastle Utd,10625.0,Vitality Stadium,Mike Dean,Match Report,
333,31.0,Sun,2019-03-17,14:15,Fulham,1.1,1–2,2.5,Liverpool,25043.0,Craven Cottage,Craig Pawson,Match Report,
334,31.0,Sun,2019-03-17,16:30,Everton,2.1,2–0,1.2,Chelsea,39356.0,Goodison Park,Anthony Taylor,Match Report,
335,,,,,,,,,,,,,,
336,32.0,Sat,2019-03-30,12:30,Fulham,0.3,0–2,2.7,Manchester City,25001.0,Craven Cottage,Kevin Friend,Match Report,
337,32.0,Sat,2019-03-30,15:00,Manchester Utd,1.3,2–1,1.3,Watford,74543.0,Old Trafford,Stuart Attwell,Match Report,
338,32.0,Sat,2019-03-30,15:00,Burnley,0.2,2–0,0.5,Wolves,20990.0,Turf Moor,Chris Kavanagh,Match Report,
339,32.0,Sat,2019-03-30,15:00,Crystal Palace,3.2,2–0,0.5,Huddersfield,25193.0,Selhurst Park,Lee Probert,Match Report,
340,32.0,Sat,2019-03-30,15:00,Brighton,0.9,0–1,0.7,Southampton,30636.0,The American Express Community Stadium,Michael Oliver,Match Report,
341,32.0,Sat,2019-03-30,15:00,Leicester City,1.6,2–0,0.5,Bournemouth,31530.0,King Power Stadium,Lee Mason,Match Report,
342,32.0,Sat,2019-03-30,17:30,West Ham,0.1,0–2,2.0,Everton,59988.0,London Stadium,Paul Tierney,Match Report,
343,32.0,Sun,2019-03-31,14:05,Cardiff City,0.4,1–2,1.5,Chelsea,32657.0,Cardiff City Stadium,Craig Pawson,Match Report,
344,32.0,Sun,2019-03-31,16:30,Liverpool,0.9,2–1,1.4,Tottenham,53322.0,Anfield,Martin Atkinson,Match Report,
345,32.0,Mon,2019-04-01,20:00,Arsenal,0.9,2–0,0.1,Newcastle Utd,59869.0,Emirates Stadium,Anthony Taylor,Match Report,
346,,,,,,,,,,,,,,
347,33.0,Tue,2019-04-02,19:45,Wolves,1.5,2–1,1.6,Manchester Utd,31302.0,Molineux Stadium,Mike Dean,Match Report,
348,33.0,Tue,2019-04-02,19:45,Watford,1.6,4–1,2.0,Fulham,17301.0,Vicarage Road Stadium,Roger East,Match Report,
349,,,,,,,,,,,,,,
350,27.0,Wed,2019-04-03,19:45,Chelsea,1.9,3–0,0.6,Brighton,38593.0,Stamford Bridge,Graham Scott,Match Report,
351,,,,,,,,,,,,,,
352,31.0,Wed,2019-04-03,19:45,Tottenham,2.5,2–0,0.5,Crystal Palace,59215.0,Tottenham Hotspur Stadium,Andre Marriner,Match Report,
353,,,,,,,,,,,,,,
354,33.0,Wed,2019-04-03,19:45,Manchester City,2.9,2–0,0.1,Cardiff City,53559.0,Etihad Stadium,Jonathan Moss,Match Report,
355,33.0,Fri,2019-04-05,20:00,Southampton,0.8,1–3,1.6,Liverpool,31797.0,St. Mary's Stadium,Paul Tierney,Match Report,
356,33.0,Sat,2019-04-06,15:00,Huddersfield,1.6,1–4,2.8,Leicester City,24126.0,The John Smith's Stadium,David Coote,Match Report,
357,33.0,Sat,2019-04-06,15:00,Newcastle Utd,1.4,0–1,1.4,Crystal Palace,51926.0,St. James' Park,Stuart Attwell,Match Report,
358,33.0,Sat,2019-04-06,15:00,Bournemouth,1.2,1–3,1.0,Burnley,10446.0,Vitality Stadium,Martin Atkinson,Match Report,
359,33.0,Sun,2019-04-07,14:05,Everton,2.2,1–0,0.4,Arsenal,39400.0,Goodison Park,Kevin Friend,Match Report,
360,33.0,Mon,2019-04-08,20:00,Chelsea,1.9,2–0,0.5,West Ham,40537.0,Stamford Bridge,Chris Kavanagh,Match Report,
361,,,,,,,,,,,,,,
362,34.0,Fri,2019-04-12,20:00,Leicester City,1.2,0–1,0.7,Newcastle Utd,32108.0,King Power Stadium,Chris Kavanagh,Match Report,
363,34.0,Sat,2019-04-13,12:30,Tottenham,2.3,4–0,0.6,Huddersfield,58308.0,Tottenham Hotspur Stadium,Lee Mason,Match Report,
364,34.0,Sat,2019-04-13,15:00,Burnley,2.7,2–0,0.8,Cardiff City,21480.0,Turf Moor,Mike Dean,Match Report,
365,34.0,Sat,2019-04-13,15:00,Fulham,1.2,2–0,0.8,Everton,24971.0,Craven Cottage,Lee Probert,Match Report,
366,34.0,Sat,2019-04-13,15:00,Southampton,2.5,3–1,0.8,Wolves,31708.0,St. Mary's Stadium,Jonathan Moss,Match Report,
367,34.0,Sat,2019-04-13,15:00,Brighton,0.4,0–5,2.0,Bournemouth,30460.0,The American Express Community Stadium,Kevin Friend,Match Report,
368,34.0,Sat,2019-04-13,17:30,Manchester Utd,2.4,2–1,1.2,West Ham,74478.0,Old Trafford,Graham Scott,Match Report,
369,34.0,Sun,2019-04-14,14:05,Crystal Palace,0.3,1–3,2.0,Manchester City,25721.0,Selhurst Park,Martin Atkinson,Match Report,
370,34.0,Sun,2019-04-14,16:30,Liverpool,1.3,2–0,0.9,Chelsea,53279.0,Anfield,Michael Oliver,Match Report,
371,34.0,Mon,2019-04-15,20:00,Watford,0.6,0–1,2.0,Arsenal,20480.0,Vicarage Road Stadium,Craig Pawson,Match Report,
372,,,,,,,,,,,,,,
373,31.0,Tue,2019-04-16,19:45,Brighton,0.6,0–2,0.6,Cardiff City,30226.0,The American Express Community Stadium,Andre Marriner,Match Report,
374,,,,,,,,,,,,,,
375,35.0,Sat,2019-04-20,12:30,Manchester City,1.9,1–0,1.3,Tottenham,54489.0,Etihad Stadium,Michael Oliver,Match Report,
376,35.0,Sat,2019-04-20,15:00,Huddersfield,0.8,1–2,1.4,Watford,23957.0,The John Smith's Stadium,Roger East,Match Report,
377,35.0,Sat,2019-04-20,15:00,Bournemouth,1.9,0–1,1.9,Fulham,10511.0,Vitality Stadium,David Coote,Match Report,
378,35.0,Sat,2019-04-20,15:00,Wolves,1.7,0–0,0.1,Brighton,31096.0,Molineux Stadium,Craig Pawson,Match Report,
379,35.0,Sat,2019-04-20,15:00,West Ham,1.4,2–2,1.0,Leicester City,59960.0,London Stadium,Lee Probert,Match Report,
380,35.0,Sat,2019-04-20,17:30,Newcastle Utd,1.4,3–1,1.0,Southampton,52191.0,St. James' Park,Anthony Taylor,Match Report,
381,35.0,Sun,2019-04-21,13:30,Everton,1.2,4–0,0.3,Manchester Utd,39395.0,Goodison Park,Paul Tierney,Match Report,
382,35.0,Sun,2019-04-21,16:00,Arsenal,1.2,2–3,2.2,Crystal Palace,59929.0,Emirates Stadium,Jonathan Moss,Match Report,
383,35.0,Sun,2019-04-21,16:00,Cardiff City,1.0,0–2,3.3,Liverpool,33082.0,Cardiff City Stadium,Martin Atkinson,Match Report,
384,35.0,Mon,2019-04-22,20:00,Chelsea,1.1,2–2,0.9,Burnley,40642.0,Stamford Bridge,Kevin Friend,Match Report,
385,,,,,,,,,,,,,,
386,31.0,Tue,2019-04-23,19:45,Watford,1.5,1–1,1.4,Southampton,19170.0,Vicarage Road Stadium,Mike Dean,Match Report,
387,,,,,,,,,,,,,,
388,33.0,Tue,2019-04-23,19:45,Tottenham,1.7,1–0,0.2,Brighton,56251.0,Tottenham Hotspur Stadium,Chris Kavanagh,Match Report,
389,,,,,,,,,,,,,,
390,31.0,Wed,2019-04-24,19:45,Wolves,0.9,3–1,0.7,Arsenal,31436.0,Molineux Stadium,Stuart Attwell,Match Report,
391,31.0,Wed,2019-04-24,20:00,Manchester Utd,0.7,0–2,0.5,Manchester City,74431.0,Old Trafford,Andre Marriner,Match Report,
392,,,,,,,,,,,,,,
393,36.0,Fri,2019-04-26,20:00,Liverpool,2.5,5–0,0.1,Huddersfield,53249.0,Anfield,Kevin Friend,Match Report,
394,36.0,Sat,2019-04-27,12:30,Tottenham,1.3,0–1,1.2,West Ham,60043.0,Tottenham Hotspur Stadium,Anthony Taylor,Match Report,
395,36.0,Sat,2019-04-27,15:00,Fulham,0.8,1–0,1.0,Cardiff City,23822.0,Craven Cottage,Chris Kavanagh,Match Report,
396,36.0,Sat,2019-04-27,15:00,Watford,1.2,1–2,1.7,Wolves,20323.0,Vicarage Road Stadium,Simon Hooper,Match Report,
397,36.0,Sat,2019-04-27,15:00,Southampton,2.7,3–3,2.0,Bournemouth,31310.0,St. Mary's Stadium,Graham Scott,Match Report,
398,36.0,Sat,2019-04-27,15:00,Crystal Palace,0.3,0–0,1.3,Everton,25789.0,Selhurst Park,Lee Mason,Match Report,
399,36.0,Sat,2019-04-27,17:30,Brighton,1.2,1–1,0.4,Newcastle Utd,30587.0,The American Express Community Stadium,Mike Dean,Match Report,
400,36.0,Sun,2019-04-28,12:00,Leicester City,2.9,3–0,0.5,Arsenal,32037.0,King Power Stadium,Michael Oliver,Match Report,
401,36.0,Sun,2019-04-28,14:05,Burnley,0.1,0–1,2.4,Manchester City,21605.0,Turf Moor,Paul Tierney,Match Report,
402,36.0,Sun,2019-04-28,16:30,Manchester Utd,0.6,1–1,1.2,Chelsea,74526.0,Old Trafford,Martin Atkinson,Match Report,
403,,,,,,,,,,,,,,
404,37.0,Fri,2019-05-03,20:00,Everton,1.6,2–0,0.6,Burnley,39303.0,Goodison Park,Chris Kavanagh,Match Report,
405,37.0,Sat,2019-05-04,12:30,Bournemouth,1.6,1–0,0.7,Tottenham,10630.0,Vitality Stadium,Craig Pawson,Match Report,
406,37.0,Sat,2019-05-04,15:00,Wolves,2.0,1–0,0.4,Fulham,30456.0,Molineux Stadium,Jonathan Moss,Match Report,
407,37.0,Sat,2019-05-04,15:00,West Ham,1.8,3–0,0.4,Southampton,59961.0,London Stadium,Stuart Attwell,Match Report,
408,37.0,Sat,2019-05-04,17:30,Cardiff City,1.7,2–3,1.8,Crystal Palace,32133.0,Cardiff City Stadium,Michael Oliver,Match Report,
409,37.0,Sat,2019-05-04,19:45,Newcastle Utd,1.4,2–3,1.2,Liverpool,52206.0,St. James' Park,Andre Marriner,Match Report,
410,37.0,Sun,2019-05-05,14:00,Huddersfield,1.1,1–1,1.3,Manchester Utd,24263.0,The John Smith's Stadium,Lee Mason,Match Report,
411,37.0,Sun,2019-05-05,14:00,Chelsea,1.9,3–0,1.6,Watford,40560.0,Stamford Bridge,Paul Tierney,Match Report,
412,37.0,Sun,2019-05-05,16:30,Arsenal,2.2,1–1,1.7,Brighton,59965.0,Emirates Stadium,Anthony Taylor,Match Report,
413,37.0,Mon,2019-05-06,20:00,Manchester City,1.3,1–0,0.6,Leicester City,54506.0,Etihad Stadium,Mike Dean,Match Report,
414,,,,,,,,,,,,,,
415,38.0,Sun,2019-05-12,15:00,Brighton,0.4,1–4,1.8,Manchester City,30662.0,The American Express Community Stadium,Michael Oliver,Match Report,
416,38.0,Sun,2019-05-12,15:00,Manchester Utd,1.8,0–2,1.9,Cardiff City,74457.0,Old Trafford,Jonathan Moss,Match Report,
417,38.0,Sun,2019-05-12,15:00,Liverpool,1.4,2–0,0.6,Wolves,53331.0,Anfield,Martin Atkinson,Match Report,
418,38.0,Sun,2019-05-12,15:00,Southampton,0.6,1–1,1.1,Huddersfield,30367.0,St. Mary's Stadium,Lee Probert,Match Report,
419,38.0,Sun,2019-05-12,15:00,Crystal Palace,2.0,5–3,1.8,Bournemouth,25433.0,Selhurst Park,Roger East,Match Report,
420,38.0,Sun,2019-05-12,15:00,Fulham,0.9,0–4,1.5,Newcastle Utd,24979.0,Craven Cottage,Kevin Friend,Match Report,
421,38.0,Sun,2019-05-12,15:00,Leicester City,0.4,0–0,1.5,Chelsea,32140.0,King Power Stadium,Anthony Taylor,Match Report,
422,38.0,Sun,2019-05-12,15:00,Burnley,1.9,1–3,2.1,Arsenal,21461.0,Turf Moor,Mike Dean,Match Report,
423,38.0,Sun,2019-05-12,15:00,Tottenham,1.2,2–2,1.9,Everton,60124.0,Tottenham Hotspur Stadium,Andre Marriner,Match Report,
424,38.0,Sun,2019-05-12,15:00,Watford,2.2,1–4,3.6,West Ham,20067.0,Vicarage Road Stadium,Chris Kavanagh,Match Report,
